experiment_id,model,feature_method,n_features,cv_f1_macro_mean,cv_f1_macro_std,cv_accuracy_mean,cv_accuracy_std,cv_precision_macro_mean,cv_precision_macro_std,cv_recall_macro_mean,cv_recall_macro_std,cv_fit_time_mean,cv_score_time_mean,total_cv_time_seconds,random_state,cv_splits
E00,DummyClassifier,none,20531,0.10909090909090909,0.0,0.375,0.0,0.075,0.0,0.2,0.0,0.156331205368042,0.0027438640594482423,0.8343879579988425,42,5
E01,LogisticRegression,none,20531,0.9953879308199577,0.006526610157643771,0.9953125,0.00625,0.9935172798216276,0.009372037404741624,0.9974999999999999,0.0033333333333332936,0.3790714263916016,0.07092719078063965,2.290568500000518,42,5
